City_ID,City,Cloudiness,Country,Date,Humidity,Lat,Lng,Max Temp,Wind Speed
0,Punta Arenas,20,CL,2022-08-08 03:39:38,87,-53.15,-70.9167,35.71,12.66
1,Bredasdorp,100,ZA,2022-08-08 03:44:36,88,-34.5322,20.0403,57.29,2.98
2,Butaritari,92,KI,2022-08-08 03:44:36,75,3.0707,172.7902,81.7,12.15
3,Chuy,6,UY,2022-08-08 03:44:37,88,-33.6971,-53.4616,47.16,7.23
4,Hilo,40,US,2022-08-08 03:44:37,77,19.7297,-155.09,84.27,5.75
5,Beloha,11,MG,2022-08-08 03:44:37,93,-25.1667,45.05,61.9,7.99
6,Hobart,20,AU,2022-08-08 03:40:38,69,-42.8794,147.3294,54.27,8.05
7,Rikitea,100,PF,2022-08-08 03:44:38,77,-23.1203,-134.9692,70.32,36.93
8,Hinundayan,81,PH,2022-08-08 03:44:38,70,10.3523,125.2506,84.33,5.84
9,Wahiawa,0,US,2022-08-08 03:44:38,62,21.5028,-158.0236,82.15,11.5
10,Jamestown,0,US,2022-08-08 03:44:39,65,42.097,-79.2353,78.39,8.05
11,Mataura,7,NZ,2022-08-08 03:44:39,69,-46.1927,168.8643,41.49,9.44
12,Cape Town,75,ZA,2022-08-08 03:44:39,91,-33.9258,18.4232,56.12,5.75
13,Arraial Do Cabo,98,BR,2022-08-08 03:44:40,88,-22.9661,-42.0278,70.12,4.88
14,Barrow,100,US,2022-08-08 03:44:40,81,71.2906,-156.7887,44.62,18.41
15,Hermanus,41,ZA,2022-08-08 03:44:40,84,-34.4187,19.2345,56.07,5.06
16,Atuona,16,PF,2022-08-08 03:44:41,75,-9.8,-139.0333,76.86,15.64
17,Port Hedland,40,AU,2022-08-08 03:44:41,16,-20.3167,118.5667,80.65,9.22
18,Zhigansk,65,RU,2022-08-08 03:44:41,67,66.7697,123.3711,59.18,13.76
19,Praia Da Vitoria,20,PT,2022-08-08 03:44:42,100,38.7333,-27.0667,71.76,8.66
20,Bluff,17,NZ,2022-08-08 03:39:47,57,-46.6,168.3333,41.81,21.65
21,Broome,0,US,2022-08-08 03:44:42,86,42.2506,-75.833,77.38,6.91
22,Leh,96,IN,2022-08-08 03:44:42,51,34.1667,77.5833,66.69,6.55
23,Cherskiy,44,RU,2022-08-08 03:44:43,47,68.75,161.3,52.5,6.49
24,Sovetskiy,21,RU,2022-08-08 03:44:43,47,61.3614,63.5842,78.1,4.45
25,Kpandae,65,GH,2022-08-08 03:44:43,87,8.4689,-0.0113,71.51,7.05
26,Haines Junction,89,CA,2022-08-08 03:44:44,47,60.7522,-137.5108,58.95,12.66
27,Lesogorskiy,27,RU,2022-08-08 03:44:44,72,61.0455,28.9294,54.43,2.28
28,Provideniya,75,RU,2022-08-08 03:40:56,60,64.3833,-173.3,41.36,15.99
29,Fortuna,0,US,2022-08-08 03:39:51,88,40.5982,-124.1573,63.09,8.05
30,Ponta Delgada,40,PT,2022-08-08 03:44:45,88,37.7333,-25.6667,70.52,1.14
31,Balkhash,0,KZ,2022-08-08 03:44:45,25,46.844,74.9804,79.41,11.18
32,Esna,8,EG,2022-08-08 03:44:46,27,25.2934,32.554,82.42,10.09
33,Kapaa,75,US,2022-08-08 03:44:46,78,22.0752,-159.319,80.92,10.36
34,Ostrovnoy,93,RU,2022-08-08 03:42:08,69,68.0531,39.5131,53.92,13.85
35,Clyde River,0,CA,2022-08-08 03:41:25,93,70.4692,-68.5914,37.63,6.91
36,Aljezur,13,PT,2022-08-08 03:44:46,88,37.3191,-8.8033,63.82,4.65
37,Port Alfred,88,ZA,2022-08-08 03:44:47,99,-33.5906,26.891,57.18,1.01
38,Dikson,100,RU,2022-08-08 03:40:20,100,73.5069,80.5464,41.94,4.36
39,Carnarvon,0,AU,2022-08-08 03:42:22,58,-24.8667,113.6333,68.11,11.7
40,Stromness,63,GB,2022-08-08 03:44:47,87,58.965,-3.296,56.88,7.0
41,Ribeira Grande,18,PT,2022-08-08 03:44:48,81,38.5167,-28.7,74.52,15.19
42,Bambous Virieux,40,MU,2022-08-08 03:44:48,94,-20.3428,57.7575,68.22,4.61
43,Koshurnikovo,22,RU,2022-08-08 03:44:48,44,54.1667,93.3,70.21,0.83
44,Puerto Ayora,41,EC,2022-08-08 03:39:55,97,-0.7393,-90.3518,67.55,5.99
45,Upernavik,100,GL,2022-08-08 03:44:49,82,72.7868,-56.1549,41.58,3.65
46,Isangel,75,VU,2022-08-08 03:45:49,74,-19.55,169.2667,82.51,6.91
47,Saskylakh,100,RU,2022-08-08 03:45:49,54,71.9167,114.0833,58.41,9.8
48,Samarai,46,PG,2022-08-08 03:41:47,73,-10.6167,150.6667,81.12,12.73
49,Cidreira,100,BR,2022-08-08 03:41:16,94,-30.1811,-50.2056,58.64,15.64
50,Quatre Cocos,18,MU,2022-08-08 03:45:50,75,-20.2078,57.7625,68.09,9.46
51,Kaitangata,37,NZ,2022-08-08 03:45:50,58,-46.2817,169.8464,42.48,12.91
52,Hithadhoo,100,MV,2022-08-08 03:45:50,70,-0.6,73.0833,81.3,1.74
53,Bengkulu,12,ID,2022-08-08 03:45:51,63,-3.8004,102.2655,85.14,7.2
54,Saint George,0,US,2022-08-08 03:44:45,17,37.1041,-113.5841,95.59,6.91
55,Conceicao Do Araguaia,4,BR,2022-08-08 03:41:50,38,-8.2578,-49.2647,76.84,0.92
56,Rabinal,90,GT,2022-08-08 03:45:51,97,15.1,-90.45,60.46,3.02
57,Sussex,0,US,2022-08-08 03:45:52,86,41.1834,-74.6663,82.49,3.44
58,Tuktoyaktuk,40,CA,2022-08-08 03:45:52,76,69.4541,-133.0374,51.8,10.36
59,Katangli,100,RU,2022-08-08 03:45:52,98,51.7102,143.2326,53.11,18.43
60,Ushuaia,20,AR,2022-08-08 03:45:53,65,-54.8,-68.3,37.06,3.44
61,Nikolskoye,100,RU,2022-08-08 03:45:53,77,59.7035,30.7861,60.87,3.65
62,Yellowknife,75,CA,2022-08-08 03:45:53,88,62.456,-114.3525,61.32,3.44
63,Thompson,75,CA,2022-08-08 03:45:54,82,55.7435,-97.8558,64.56,5.75
64,Puerto Colombia,100,CO,2022-08-08 03:45:54,85,10.9878,-74.9547,82.49,21.12
65,Geraldton,40,AU,2022-08-08 03:45:54,72,-28.7667,114.6,66.61,12.66
66,Vaini,20,TO,2022-08-08 03:45:55,89,-21.2,-175.2,80.76,10.36
67,Busselton,98,AU,2022-08-08 03:45:55,78,-33.65,115.3333,55.33,20.89
68,Rocky Mountain House,20,CA,2022-08-08 03:45:53,84,52.3668,-114.9188,62.6,5.03
69,Georgetown,20,MY,2022-08-08 03:45:14,66,5.4112,100.3354,89.55,11.5
70,Champerico,85,GT,2022-08-08 03:45:55,80,14.3,-91.9167,80.37,8.05
71,Kalmunai,100,LK,2022-08-08 03:45:56,57,7.4167,81.8167,84.4,7.25
72,Tessalit,1,ML,2022-08-08 03:45:56,35,20.1986,1.0114,88.38,6.98
73,Gamba,80,GA,2022-08-08 03:45:56,81,-2.65,10.0,68.85,3.89
74,Pacific Grove,0,US,2022-08-08 03:43:01,82,36.6177,-121.9166,67.8,9.22
75,New Norfolk,3,AU,2022-08-08 03:45:57,42,-42.7826,147.0587,53.92,2.08
76,Comodoro Rivadavia,40,AR,2022-08-08 03:45:57,93,-45.8667,-67.5,39.06,5.75
77,Lompoc,0,US,2022-08-08 03:45:57,84,34.6391,-120.4579,66.34,12.66
78,Severo-Kurilsk,50,RU,2022-08-08 03:45:58,86,50.6789,156.125,59.52,1.16
79,Saint-Leu,6,RE,2022-08-08 03:45:58,75,-21.15,55.2833,69.31,8.66
80,Muyezerskiy,21,RU,2022-08-08 03:45:58,81,63.9333,31.65,51.53,7.67
81,Baoning,20,CN,2022-08-08 03:45:59,62,25.3378,110.026,91.26,4.47
82,Norman Wells,75,CA,2022-08-08 03:45:59,82,65.282,-126.8329,59.04,16.11
83,Pangnirtung,97,CA,2022-08-08 03:45:59,93,66.1451,-65.7125,42.08,1.21
84,Salym,100,RU,2022-08-08 03:46:00,48,60.0625,71.4789,71.56,4.23
85,Tasiilaq,100,GL,2022-08-08 03:46:00,98,65.6145,-37.6368,41.16,5.37
86,Sobolevo,13,RU,2022-08-08 03:46:00,92,54.4299,31.8996,53.11,6.62
87,Pahrump,13,US,2022-08-08 03:46:01,24,36.2083,-115.9839,95.25,1.99
88,Nuevitas,9,CU,2022-08-08 03:46:01,80,21.5453,-77.2644,80.55,12.26
89,Axim,93,GH,2022-08-08 03:46:01,80,4.8699,-2.2405,75.06,9.91
90,Avarua,75,CK,2022-08-08 03:46:02,68,-21.2078,-159.775,73.45,16.11
91,Alta Floresta,0,BR,2022-08-08 03:46:03,100,-9.8756,-56.0861,73.22,0.0
92,Mao,0,ES,2022-08-08 03:46:03,64,39.8885,4.2658,75.76,3.44
93,Zuwarah,0,LY,2022-08-08 03:46:03,76,32.9312,12.082,77.7,4.09
94,Pandan,99,PH,2022-08-08 03:47:04,70,14.0453,124.1694,83.79,4.72
95,Te Anau,52,NZ,2022-08-08 03:47:04,84,-45.4167,167.7167,38.66,5.75
96,Constitucion,0,CL,2022-08-08 03:45:56,87,-35.3333,-72.4167,46.04,7.74
97,Garowe,27,SO,2022-08-08 03:47:05,57,8.4054,48.4845,73.06,25.64
98,Goderich,86,CA,2022-08-08 03:45:24,88,43.7501,-81.7165,75.9,9.22
99,Kosonsoy,6,UZ,2022-08-08 03:47:06,23,41.2561,71.5508,85.19,7.16
100,Uravakonda,100,IN,2022-08-08 03:47:07,77,14.95,77.2667,76.98,21.7
101,Weligama,94,LK,2022-08-08 03:47:07,77,5.9667,80.4167,80.67,12.19
102,Kodiak,0,US,2022-08-08 03:47:07,52,57.79,-152.4072,65.71,6.91
103,Teahupoo,85,PF,2022-08-08 03:47:08,72,-17.8333,-149.2667,74.53,24.2
104,Padang,20,ID,2022-08-08 03:47:08,66,-0.9492,100.3543,86.05,4.61
105,Saint-Philippe,0,RE,2022-08-08 03:47:08,79,-21.3585,55.7679,67.59,5.53
106,Laguna,0,US,2022-08-08 03:47:09,55,38.421,-121.4238,82.45,14.97
107,Fairview,0,US,2022-08-08 03:42:44,61,40.8126,-73.999,84.87,16.11
108,Solnechnyy,100,RU,2022-08-08 03:47:09,98,50.7214,136.6319,66.07,0.67
109,Karratha,5,AU,2022-08-08 03:47:10,17,-20.7377,116.8463,78.04,6.6
110,Abasolo,98,MX,2022-08-08 03:47:10,73,20.45,-101.5167,62.51,3.51
111,Lerik,0,AZ,2022-08-08 03:47:10,58,38.7726,48.4128,64.04,3.89
112,Westport,0,US,2022-08-08 03:45:30,86,41.1415,-73.3579,82.89,9.22
113,Hasaki,52,JP,2022-08-08 03:47:11,77,35.7333,140.8333,95.29,22.75
114,Tartus,18,SY,2022-08-08 03:47:11,69,34.889,35.8866,79.36,8.88
115,Laem Sing,100,TH,2022-08-08 03:47:12,100,12.4816,102.0738,81.97,12.75
116,Pemba,20,MZ,2022-08-08 03:47:12,100,-12.974,40.5178,66.9,7.0
117,Hervey Bay,0,AU,2022-08-08 03:47:12,44,-25.2986,152.8535,68.02,11.99
118,Henties Bay,61,NA,2022-08-08 03:47:13,90,-22.116,14.2845,53.6,5.1
119,Curaca,0,BR,2022-08-08 03:47:13,77,-8.9903,-39.9094,71.11,16.35
120,Souillac,40,MU,2022-08-08 03:47:13,94,-20.5167,57.5167,62.98,4.61
121,Belyy Yar,0,RU,2022-08-08 03:47:14,54,53.6039,91.3903,69.85,4.47
122,Bath,4,GB,2022-08-08 03:42:26,86,51.3779,-2.3591,60.39,4.99
123,Barranco,100,PA,2022-08-08 03:47:14,92,9.5167,-82.7,77.92,2.73
124,Nanortalik,43,GL,2022-08-08 03:47:14,77,60.1432,-45.2371,44.83,3.0
125,Mairi,8,BR,2022-08-08 03:47:15,94,-11.7114,-40.1489,62.08,4.05
126,Ranong,100,TH,2022-08-08 03:47:15,81,9.9658,98.6348,85.93,11.97
127,Papara,21,BR,2022-08-08 03:47:15,95,-3.9839,-38.7273,79.2,4.85
128,Port Macquarie,27,AU,2022-08-08 03:43:26,69,-31.4333,152.9167,60.89,15.35
129,Tanout,98,NE,2022-08-08 03:47:16,61,14.9709,8.8879,83.17,15.82
130,Moose Factory,0,CA,2022-08-08 03:47:16,76,51.2585,-80.6094,55.38,5.75
131,Albany,0,US,2022-08-08 03:46:59,88,42.6001,-73.9662,77.41,3.04
132,Orillia,89,CA,2022-08-08 03:47:17,96,44.6087,-79.4207,73.9,2.3
133,Los Llanos De Aridane,75,ES,2022-08-08 03:47:17,83,28.6585,-17.9182,67.75,13.8
134,Lillesand,9,NO,2022-08-08 03:47:17,93,58.2488,8.3778,55.89,0.0
135,East London,75,ZA,2022-08-08 03:47:18,100,-33.0153,27.9116,58.14,33.38
136,Dingle,94,PH,2022-08-08 03:44:37,75,10.9995,122.6711,83.86,4.94
137,Galveston,40,US,2022-08-08 03:47:18,84,29.3669,-94.9669,85.96,9.22
138,Akureyri,75,IS,2022-08-08 03:47:19,66,65.6835,-18.0878,51.73,11.5
139,Port Elizabeth,20,ZA,2022-08-08 03:47:19,99,-33.918,25.5701,59.09,11.5
140,Harda,100,IN,2022-08-08 03:47:19,84,22.3333,77.1,81.64,4.72
141,Khategaon,100,IN,2022-08-08 03:48:20,78,22.6,76.9167,82.81,1.32
142,West Chester,40,US,2022-08-08 03:45:02,85,39.9607,-75.6055,81.32,7.0
143,San Patricio,93,US,2022-08-08 03:48:21,73,28.017,-97.5169,84.88,12.24
144,De-Kastri,100,RU,2022-08-08 03:48:21,99,51.4667,140.7833,61.43,11.68
145,Yulara,5,AU,2022-08-08 03:48:22,20,-25.2406,130.9889,70.86,15.64
146,Bethel,20,US,2022-08-08 03:48:22,88,41.3712,-73.414,80.96,0.0
147,Vegachi,78,CO,2022-08-08 03:48:22,99,6.7614,-74.7947,64.8,3.27
148,Basoko,40,CD,2022-08-08 03:48:23,94,1.2391,23.616,70.23,3.36
149,Kargil,21,IN,2022-08-08 03:48:23,48,34.5667,76.1,63.73,3.8
150,Puerto Baquerizo Moreno,57,EC,2022-08-08 03:48:23,79,-0.9,-89.6,68.4,11.54
151,Valdosta,0,US,2022-08-08 03:44:12,94,30.8327,-83.2785,73.35,0.0
152,Tiznit,0,MA,2022-08-08 03:48:24,42,29.5833,-9.5,72.84,3.67
153,Lagoa,18,PT,2022-08-08 03:48:24,81,39.05,-27.9833,73.2,16.98
154,Colac,4,AU,2022-08-08 03:48:25,48,-38.3333,143.5833,50.83,3.91
155,Dom Pedrito,100,BR,2022-08-08 03:48:25,86,-30.9828,-54.6731,50.43,12.46
156,Kahului,20,US,2022-08-08 03:44:13,59,20.8947,-156.47,89.62,19.57
157,Nome,100,US,2022-08-08 03:48:26,77,64.5011,-165.4064,51.87,16.11
158,Broken Hill,1,AU,2022-08-08 03:44:16,35,-31.95,141.4333,59.7,2.8
159,Vila Velha,20,BR,2022-08-08 03:48:26,89,-20.3297,-40.2925,75.15,6.91
160,Macrohon,66,PH,2022-08-08 03:48:26,69,10.0797,124.9431,83.41,2.82
161,Faanui,75,PF,2022-08-08 03:48:27,69,-16.4833,-151.75,76.41,26.22
162,Bathsheba,75,BB,2022-08-08 03:48:27,97,13.2167,-59.5167,81.21,19.57
163,Lazaro Cardenas,84,MX,2022-08-08 03:48:27,81,17.9583,-102.2,79.45,5.55
164,Tondano,100,ID,2022-08-08 03:48:28,79,1.3038,124.9112,77.09,0.51
165,Talnakh,100,RU,2022-08-08 03:48:28,92,69.4865,88.3972,58.21,5.57
166,Gimli,1,CA,2022-08-08 03:44:06,66,50.6336,-96.9907,61.52,11.3
167,Ancud,5,CL,2022-08-08 03:48:15,89,-41.8697,-73.8203,39.02,3.58
168,Jalu,0,LY,2022-08-08 03:48:28,67,29.0331,21.5482,77.11,8.41
169,Kidal,68,ML,2022-08-08 03:48:29,34,18.4411,1.4078,89.83,8.16
170,Castro,100,BR,2022-08-08 03:48:29,96,-24.7911,-50.0119,56.25,6.78
171,Ponta Do Sol,0,PT,2022-08-08 03:48:29,83,32.6667,-17.1,72.01,3.69
172,Vestmannaeyjar,66,IS,2022-08-08 03:48:30,82,63.4427,-20.2734,51.67,18.37
173,Mehran,0,IR,2022-08-08 03:48:30,15,33.1222,46.1646,102.94,7.47
174,Qaanaaq,7,GL,2022-08-08 03:48:30,54,77.484,-69.3632,36.97,7.58
175,Plettenberg Bay,99,ZA,2022-08-08 03:48:31,85,-34.0527,23.3716,58.95,7.63
176,Bilibino,56,RU,2022-08-08 03:44:12,41,68.0546,166.4372,54.23,6.08
177,Nabire,60,ID,2022-08-08 03:48:31,67,-3.3667,135.4833,85.01,4.29
178,Uddevalla,72,SE,2022-08-08 03:48:32,95,58.3478,11.9424,60.08,4.03
179,Auki,100,SB,2022-08-08 03:48:32,85,-8.7676,160.7034,79.68,5.01
180,Ornes,79,NO,2022-08-08 03:48:32,84,66.8689,13.7078,49.12,5.57
181,Rizhao,99,CN,2022-08-08 03:48:33,76,35.4275,119.4553,88.81,5.84
182,Khatanga,69,RU,2022-08-08 03:48:33,55,71.9667,102.5,61.41,9.42
183,Yangshe,42,CN,2022-08-08 03:48:33,56,31.8899,120.6052,99.0,1.01
184,Tumarbong,100,PH,2022-08-08 03:49:33,71,10.3766,119.4579,83.95,9.62
185,Akyab,100,MM,2022-08-08 03:49:34,89,20.15,92.9,80.35,13.31
186,Grand Gaube,3,MU,2022-08-08 03:49:34,76,-20.0064,57.6608,68.38,3.0
187,Hanko,100,FI,2022-08-08 03:49:35,65,59.8333,22.95,54.14,6.69
188,Muscat,35,OM,2022-08-08 03:47:41,59,23.6139,58.5922,86.02,4.12
189,Lebedinyy,100,RU,2022-08-08 03:49:35,83,58.5167,125.5167,53.71,8.63
190,Morehead,0,US,2022-08-08 03:49:35,97,37.2711,-87.1764,76.78,0.0
191,Huanren,96,CN,2022-08-08 03:49:36,56,41.2647,125.3667,83.25,6.6
192,Scarborough,59,GB,2022-08-08 03:46:36,88,54.2797,-0.4044,58.33,1.99
193,Machico,20,PT,2022-08-08 03:49:36,82,32.7,-16.7667,72.01,10.36
194,Glazov,57,RU,2022-08-08 03:49:36,64,58.1394,52.6584,72.73,1.3
195,Vao,4,NC,2022-08-08 03:49:37,81,-22.6667,167.4833,72.36,17.74
196,Sivaki,98,RU,2022-08-08 03:49:37,91,52.6333,126.75,55.18,10.89
197,Totma,100,RU,2022-08-08 03:49:37,88,59.9747,42.7642,58.21,2.64
198,Umm Lajj,57,SA,2022-08-08 03:49:38,80,25.0213,37.2685,86.86,8.61
199,Tsuruoka,40,JP,2022-08-08 03:49:38,70,38.7217,139.8217,89.64,6.91
200,Honiara,94,SB,2022-08-08 03:47:06,78,-9.4333,159.95,82.11,1.95
201,Lata,0,PT,2022-08-08 03:49:39,90,40.1629,-8.3327,59.22,0.43
202,Buala,100,SB,2022-08-08 03:49:39,76,-8.145,159.5921,81.79,2.62
203,Lethem,64,GY,2022-08-08 03:49:39,75,3.3803,-59.7968,76.86,5.7
204,Orissaare,98,EE,2022-08-08 03:49:40,70,58.5592,23.0826,59.97,7.29
205,Yeniseysk,79,RU,2022-08-08 03:49:40,51,58.4497,92.1703,73.17,2.98
206,Elk City,0,US,2022-08-08 03:49:40,42,35.412,-99.4043,87.78,5.75
207,Mayo,0,US,2022-08-08 03:49:41,88,38.8876,-76.5119,83.17,6.91
208,Katsuura,47,JP,2022-08-08 03:49:41,76,35.1333,140.3,84.6,18.75
209,Yar-Sale,0,RU,2022-08-08 03:49:41,48,66.8333,70.8333,78.12,11.14
210,Marsh Harbour,29,BS,2022-08-08 03:49:41,71,26.5412,-77.0636,83.08,11.54
211,Lorengau,92,PG,2022-08-08 03:49:42,73,-2.0226,147.2712,83.8,9.84
212,Kargat,83,RU,2022-08-08 03:49:42,68,55.1956,80.2811,67.06,10.2
213,Banjarmasin,34,ID,2022-08-08 03:49:42,43,-3.3244,114.591,87.94,3.83
214,Beyneu,75,KZ,2022-08-08 03:49:43,18,45.3167,55.2,85.12,6.44
215,Kuala Pilah,60,MY,2022-08-08 03:49:43,74,2.7389,102.2487,84.02,3.89
216,Asau,12,RO,2022-08-08 03:49:43,95,46.4333,26.4,63.52,2.75
217,Shangrao,1,CN,2022-08-08 03:49:44,43,28.4532,117.9686,97.68,2.24
218,Victoria,60,HK,2022-08-08 03:47:40,88,22.2855,114.1577,84.38,5.99
219,Grindavik,75,IS,2022-08-08 03:49:44,93,63.8424,-22.4338,49.95,17.27
220,Kavaratti,99,IN,2022-08-08 03:49:44,83,10.5669,72.642,80.78,24.63
221,Fort Nelson,75,CA,2022-08-08 03:45:24,72,58.8053,-122.7002,62.19,5.75
222,Salinopolis,58,BR,2022-08-08 03:49:45,85,-0.6136,-47.3561,78.24,10.89
223,Gimbi,100,ET,2022-08-08 03:49:45,98,9.1667,35.8333,55.18,1.07
224,Dukat,82,RU,2022-08-08 03:49:45,45,62.55,155.55,73.13,5.46
225,Port Hardy,20,CA,2022-08-08 03:46:19,82,50.6996,-127.4199,64.58,9.22
226,Luderitz,14,NA,2022-08-08 03:49:47,69,-26.6481,15.1594,55.56,8.14
227,San Luis,100,AR,2022-08-08 03:48:23,97,-33.295,-66.3356,37.85,5.82
228,Portree,88,GB,2022-08-08 03:49:47,97,57.4129,-6.1942,56.52,12.46
229,Cabo San Lucas,88,MX,2022-08-08 03:48:23,76,22.8909,-109.9124,85.51,2.37
230,Port Lincoln,0,AU,2022-08-08 03:50:48,55,-34.7333,135.8667,57.83,3.74
231,Jinxiang,35,CN,2022-08-08 03:50:48,67,27.4327,120.6062,88.02,7.74
232,Sumbe,96,AO,2022-08-08 03:50:48,83,-11.2061,13.8437,67.82,2.46
233,Houma,0,US,2022-08-08 03:50:49,91,29.5958,-90.7195,79.0,5.75
234,Camana,85,PE,2022-08-08 03:50:49,83,-16.6228,-72.7111,59.7,8.48
235,Kamenka,8,RU,2022-08-08 03:50:14,41,51.3223,42.7678,72.93,5.44
236,Pangody,0,RU,2022-08-08 03:50:49,49,65.85,74.4859,78.73,9.19
237,Verkhnyaya Inta,0,RU,2022-08-08 03:50:50,53,65.9811,60.3094,75.65,15.12
238,Maturin,48,VE,2022-08-08 03:50:50,98,9.75,-63.1767,73.24,3.87
239,Nishihara,40,JP,2022-08-08 03:50:50,70,26.1842,127.7558,91.45,11.5
240,Tarakan,40,ID,2022-08-08 03:50:51,74,3.3,117.6333,85.5,4.61
241,Beringovskiy,63,RU,2022-08-08 03:50:51,50,63.05,179.3167,49.64,14.12
242,Williams Lake,20,CA,2022-08-08 03:50:51,33,52.1415,-122.1445,80.17,5.75
243,Namtsy,99,RU,2022-08-08 03:50:52,46,62.7161,129.6658,69.28,6.58
244,Konya,21,TR,2022-08-08 03:50:52,63,38.1667,32.5,67.87,6.98
245,Sitka,100,US,2022-08-08 03:50:53,82,57.0531,-135.33,57.09,0.0
246,Gat,0,IL,2022-08-08 03:50:53,69,31.61,34.7642,78.4,2.01
247,Tuatapere,13,NZ,2022-08-08 03:50:53,69,-46.1333,167.6833,41.88,12.15
248,Black River,73,JM,2022-08-08 03:50:53,83,18.0264,-77.8487,78.94,4.21
249,Baghdad,1,IQ,2022-08-08 03:45:57,37,33.3406,44.4009,84.11,6.91
250,Le Port,10,RE,2022-08-08 03:50:58,65,-20.9373,55.2919,70.25,2.59
251,Mar Del Plata,100,AR,2022-08-08 03:46:20,84,-38.0023,-57.5575,47.08,10.0
252,Belaya Gora,61,RU,2022-08-08 03:49:53,41,68.5333,146.4167,71.67,6.76
253,Ascension,0,US,2022-08-08 03:50:59,93,30.2169,-90.9001,78.8,0.0
254,Melita,8,CA,2022-08-08 03:50:59,71,49.2681,-100.9967,60.55,9.15
255,Havre-Saint-Pierre,0,CA,2022-08-08 03:50:59,58,50.2334,-63.5986,59.36,11.5
256,Komsomolskiy,5,UZ,2022-08-08 03:51:00,19,40.4272,71.7189,91.2,10.6
257,Torbay,100,CA,2022-08-08 03:51:00,91,47.6666,-52.7314,69.58,21.85
258,Kang,2,BW,2022-08-08 03:51:00,41,-23.6752,22.7876,52.14,8.05
259,Lebu,84,CL,2022-08-08 03:46:12,88,-37.6167,-73.65,45.41,8.97
260,Atar,37,MR,2022-08-08 03:49:25,38,20.5169,-13.0499,91.56,6.51
261,Waingapu,11,ID,2022-08-08 03:51:01,61,-9.6567,120.2641,84.63,11.65
262,Carutapera,32,BR,2022-08-08 03:51:01,90,-1.195,-46.02,75.58,5.5
263,Saldanha,50,ZA,2022-08-08 03:50:49,84,-33.0117,17.9442,53.65,10.8
264,Vostok,94,RU,2022-08-08 03:51:02,94,46.4856,135.8833,69.35,6.11
265,Moshi,40,TZ,2022-08-08 03:51:02,84,-3.35,37.3333,62.98,1.88
266,Gillette,0,US,2022-08-08 03:50:09,50,44.2911,-105.5022,67.95,0.0
267,Mus,0,TR,2022-08-08 03:51:03,41,39.0,41.75,70.9,5.32
268,Sibu,20,MY,2022-08-08 03:49:38,66,2.3,111.8167,86.31,5.99
269,Ilulissat,100,GL,2022-08-08 03:50:17,96,69.2167,-51.1,37.78,2.64
270,Ajaccio,0,FR,2022-08-08 03:51:03,78,42.0,8.9167,71.65,5.75
271,Okitipupa,100,NG,2022-08-08 03:51:04,97,6.5047,4.7839,71.42,1.9
272,Huarmey,89,PE,2022-08-08 03:51:04,84,-10.0681,-78.1522,62.24,9.48
273,Tautira,67,PF,2022-08-08 03:51:05,72,-17.7333,-149.15,74.61,24.4
274,Greenwood,0,US,2022-08-08 03:49:00,57,34.1668,-82.1165,76.28,0.0
275,Pevek,100,RU,2022-08-08 03:49:53,89,69.7008,170.3133,33.06,13.85
276,Jaisalmer,99,IN,2022-08-08 03:51:05,62,26.9147,70.9181,89.51,11.23
277,Bokoro,97,TD,2022-08-08 03:52:06,80,12.3807,17.0568,77.5,6.29
278,Clarksburg,35,US,2022-08-08 03:52:06,98,39.2807,-80.3445,73.51,4.0
279,Baghmara,67,IN,2022-08-08 03:52:06,67,23.795,86.2085,86.79,15.14
280,Abnub,0,EG,2022-08-08 03:52:07,35,27.2696,31.1511,80.82,7.34
281,Vardo,75,NO,2022-08-08 03:52:07,87,70.3705,31.1107,49.98,12.66
282,Sayyan,68,YE,2022-08-08 03:52:08,68,15.1718,44.3244,62.56,2.37
283,Alappuzha,100,IN,2022-08-08 03:52:08,86,9.49,76.3264,81.0,16.8
284,Olafsvik,89,IS,2022-08-08 03:52:08,81,64.8945,-23.7142,50.52,25.23
285,Devonport,8,AU,2022-08-08 03:52:09,49,-41.1667,146.35,55.99,3.36
286,Suntar,95,RU,2022-08-08 03:51:51,48,62.1444,117.6319,67.64,3.0
287,Lufilufi,20,WS,2022-08-08 03:52:09,79,-13.8745,-171.5986,85.78,17.72
288,Hirara,40,JP,2022-08-08 03:52:10,70,24.8,125.2833,89.46,11.5
289,Conde,0,BR,2022-08-08 03:52:10,94,-7.2597,-34.9075,69.26,4.61
290,Chokurdakh,97,RU,2022-08-08 03:52:11,29,70.6333,147.9167,65.43,17.18
291,Namatanai,54,PG,2022-08-08 03:47:57,73,-3.6667,152.4333,82.76,7.7
292,Lasa,96,IT,2022-08-08 03:52:11,90,46.6166,10.7002,55.69,2.95
293,Konstantinovka,33,RU,2022-08-08 03:52:12,54,49.6167,127.9833,68.05,15.9
294,Tiksi,100,RU,2022-08-08 03:49:22,94,71.6872,128.8694,51.31,8.84
295,Esperance,31,AU,2022-08-08 03:49:02,63,-33.8667,121.9,62.67,19.19
296,Nantucket,0,US,2022-08-08 03:52:12,93,41.2835,-70.0995,79.0,13.8
297,Mweka,25,CD,2022-08-08 03:52:13,44,-4.85,21.5667,67.35,1.61
298,Codrington,8,AU,2022-08-08 03:50:43,55,-38.2667,141.9667,54.9,3.36
299,Muros,3,ES,2022-08-08 03:52:13,94,42.7762,-9.0603,63.68,4.5
300,Villamontes,88,BO,2022-08-08 03:52:14,61,-21.25,-63.5,67.89,2.68
301,Hofn,56,IS,2022-08-08 03:52:14,87,64.2539,-15.2082,50.9,14.92
302,Seoul,100,KR,2022-08-08 03:50:43,90,37.5683,126.9778,83.8,12.66
303,Ereymentau,91,KZ,2022-08-08 03:52:14,68,51.6199,73.1033,64.6,9.8
304,Berlevag,75,NO,2022-08-08 03:52:15,93,70.8578,29.0864,50.0,18.41
305,Alice Springs,3,AU,2022-08-08 03:47:32,20,-23.7,133.8833,71.22,13.8
306,Aykhal,100,RU,2022-08-08 03:52:15,96,66.0,111.5,45.09,3.53
307,Madimba,77,TZ,2022-08-08 03:52:16,90,-10.4,40.3333,67.06,7.52
308,Alofi,2,NU,2022-08-08 03:49:38,78,-19.0595,-169.9187,78.69,11.5
309,Petropavlovsk-Kamchatskiy,20,RU,2022-08-08 03:51:52,64,53.0452,158.6483,66.79,11.18
310,Mahebourg,40,MU,2022-08-08 03:50:32,94,-20.4081,57.7,68.25,4.61
311,Kitimat,20,CA,2022-08-08 03:52:16,59,54.0524,-128.6534,70.18,4.54
312,Margraten,71,NL,2022-08-08 03:52:17,86,50.8208,5.8208,56.48,5.75
313,Snezhnogorsk,100,RU,2022-08-08 03:52:17,83,69.1933,33.2531,47.98,18.43
314,Guerrero Negro,40,MX,2022-08-08 03:52:17,78,27.9769,-114.0611,75.18,9.82
315,Killorglin,3,IE,2022-08-08 03:52:18,93,52.1,-9.7833,51.12,0.96
316,Olavarria,99,AR,2022-08-08 03:52:18,80,-36.8927,-60.3225,39.02,7.61
317,Narsaq,10,GL,2022-08-08 03:52:19,72,60.9167,-46.05,43.88,4.21
318,Birzai,91,LT,2022-08-08 03:52:19,87,56.2,24.75,53.46,4.47
319,Makhinjauri,20,GE,2022-08-08 03:52:19,83,41.6739,41.694,69.66,16.11
320,Port Augusta,0,AU,2022-08-08 03:52:20,32,-32.5,137.7667,63.82,5.59
321,San Vicente,99,AR,2022-08-08 03:53:20,100,-26.6167,-54.1333,54.66,2.08
322,Nichinan,57,JP,2022-08-08 03:53:20,63,31.6,131.3667,89.28,8.41
323,Bandarbeyla,29,SO,2022-08-08 03:53:23,61,9.4942,50.8122,77.97,29.12
324,High Prairie,66,CA,2022-08-08 03:50:07,62,55.4334,-116.4858,63.3,6.8
325,Salalah,100,OM,2022-08-08 03:53:24,96,17.0151,54.0924,75.47,8.72
326,Mount Isa,0,AU,2022-08-08 03:53:24,15,-20.7333,139.5,73.17,11.5
327,Kolosovka,91,RU,2022-08-08 03:53:24,64,56.4678,73.611,66.9,9.84
328,Ayagoz,15,KZ,2022-08-08 03:53:25,22,47.9714,80.4392,77.88,8.57
329,Lugovoy,70,KZ,2022-08-08 03:53:25,30,42.9472,72.7644,84.2,2.13
330,Kamaishi,100,JP,2022-08-08 03:53:25,74,39.2667,141.8833,82.74,11.72
331,Missoula,0,US,2022-08-08 03:53:26,51,47.0166,-113.8009,59.16,3.67
332,Hami,0,CN,2022-08-08 03:53:26,16,42.8,93.45,97.25,13.47
333,Olinda,40,BR,2022-08-08 03:53:26,65,-8.0089,-34.8553,76.73,9.22
334,Igarka,100,RU,2022-08-08 03:53:27,68,67.4667,86.5833,67.66,8.55
335,Spirit River,80,CA,2022-08-08 03:53:28,56,55.7833,-118.8361,70.23,9.06
336,Bari,0,IT,2022-08-08 03:53:28,68,41.1177,16.8512,78.19,5.01
337,Coahuayana,82,MX,2022-08-08 03:53:28,87,18.7333,-103.6833,77.94,1.52
338,Faya,27,SA,2022-08-08 03:53:29,71,18.3851,42.4509,64.51,2.44
339,Oga,95,IT,2022-08-08 03:53:29,95,46.4631,10.347,52.81,2.57
340,Cam Ranh,40,VN,2022-08-08 03:53:29,58,11.9214,109.1591,87.76,4.61
341,Ornskoldsvik,40,SE,2022-08-08 03:53:30,93,63.2909,18.7153,45.55,4.61
342,Neiafu,20,TO,2022-08-08 03:53:30,78,-18.65,-173.9833,81.28,9.22
343,Jacareacanga,77,BR,2022-08-08 03:53:30,65,-6.2222,-57.7528,78.89,0.18
344,Sur,60,OM,2022-08-08 03:53:31,54,22.5667,59.5289,90.54,5.61
345,San Cristobal,95,VE,2022-08-08 03:51:29,97,7.7669,-72.225,73.58,2.44
346,Bac Lieu,100,VN,2022-08-08 03:53:25,66,9.285,105.7244,85.15,11.77
347,Husavik,17,IS,2022-08-08 03:51:28,83,66.0449,-17.3389,48.24,13.2
348,Bamako,20,ML,2022-08-08 03:52:24,100,12.65,-8.0,77.41,0.0
349,Coquimbo,0,CL,2022-08-08 03:53:32,81,-29.9533,-71.3436,51.53,3.44
350,Tilichiki,97,RU,2022-08-08 03:53:32,61,60.4667,166.1,63.75,5.61
351,Okha,100,RU,2022-08-08 03:53:32,95,53.5739,142.9478,55.2,23.17
352,Young,39,UY,2022-08-08 03:53:33,94,-32.6833,-57.6333,43.34,8.19
353,Shingu,57,JP,2022-08-08 03:53:33,77,33.7333,135.9833,86.16,9.98
354,Homer,100,US,2022-08-08 03:53:33,64,59.6425,-151.5483,56.8,8.01
355,Eyl,46,SO,2022-08-08 03:53:34,64,7.9803,49.8164,76.91,23.76
356,Tadine,9,NC,2022-08-08 03:53:34,74,-21.55,167.8833,76.6,6.22
357,Sao Felix Do Xingu,54,BR,2022-08-08 03:53:35,62,-6.6447,-51.995,77.09,0.96
358,Puro,98,PH,2022-08-08 03:53:35,74,12.4841,123.3827,83.26,3.44
359,Palmer,20,US,2022-08-08 03:50:37,82,42.1584,-72.3287,79.25,10.36
360,Itarema,5,BR,2022-08-08 03:53:36,83,-2.9248,-39.9167,76.8,15.73
361,Naze,4,JP,2022-08-08 03:53:40,69,28.3667,129.4833,86.92,5.68
362,Kuytun,0,RU,2022-08-08 03:54:40,51,54.3419,101.5036,67.59,2.98
363,Elizabeth City,0,US,2022-08-08 03:51:34,84,36.2946,-76.2511,81.01,6.91
364,Yuyao,9,CN,2022-08-08 03:54:40,32,30.05,121.1494,94.77,6.17
365,Kirakira,90,SB,2022-08-08 03:52:40,73,-10.4544,161.9205,82.13,7.47
366,Eirunepe,39,BR,2022-08-08 03:54:41,93,-6.6603,-69.8736,72.7,1.1
367,Fairbanks,100,US,2022-08-08 03:50:03,69,64.8378,-147.7164,58.96,5.75
368,Sao Gabriel Da Cachoeira,53,BR,2022-08-08 03:54:41,98,-0.1303,-67.0892,72.66,1.36
369,Melfort,26,CA,2022-08-08 03:54:42,72,52.8667,-104.6177,64.53,4.61
370,Norilsk,100,RU,2022-08-08 03:54:42,90,69.3535,88.2027,59.58,6.73
371,Erenhot,100,CN,2022-08-08 03:54:42,35,43.6475,111.9767,74.17,9.71
372,Ordynskoye,59,RU,2022-08-08 03:54:43,69,54.3656,81.8994,68.83,6.2
373,Vernon,0,CA,2022-08-08 03:53:41,46,50.2581,-119.2691,82.76,3.44
374,Matara,94,LK,2022-08-08 03:54:43,75,5.9485,80.5353,81.05,12.59
375,Halden,91,NO,2022-08-08 03:54:43,92,59.1226,11.3871,52.23,4.18
376,Jalor,86,IN,2022-08-08 03:54:44,63,25.35,72.6167,87.96,3.58
377,Poum,3,NC,2022-08-08 03:51:28,76,-20.2333,164.0167,75.15,16.62
378,Meulaboh,95,ID,2022-08-08 03:54:44,69,4.1363,96.1285,83.52,3.62
379,Kasongo-Lunda,53,CD,2022-08-08 03:54:44,46,-6.4667,16.8167,66.02,0.81
380,Bozhou,73,CN,2022-08-08 03:54:45,50,33.8772,115.7703,97.03,10.98
381,Kavieng,27,PG,2022-08-08 03:54:45,74,-2.5744,150.7967,83.37,12.46
382,Kalianget,47,ID,2022-08-08 03:54:45,64,-7.05,113.9333,83.25,7.43
383,Vaitape,77,PF,2022-08-08 03:54:46,69,-16.5167,-151.75,76.37,26.26
384,Puksoozero,6,RU,2022-08-08 03:54:46,70,62.5903,40.6066,56.1,6.22
385,Anori,86,BR,2022-08-08 03:54:46,73,-3.7728,-61.6442,77.34,1.66
386,Nemuro,100,JP,2022-08-08 03:54:47,98,43.3236,145.575,67.01,16.89
387,Tommot,100,RU,2022-08-08 03:54:47,82,58.9564,126.2925,57.34,6.51
388,Rakitovo,0,BG,2022-08-08 03:54:48,80,41.9833,24.0833,59.65,3.87
389,Kjopsvik,100,NO,2022-08-08 03:54:48,89,68.097,16.3742,53.17,4.07
390,Baykit,59,RU,2022-08-08 03:54:48,54,61.67,96.37,70.02,3.22
391,Malakal,100,SS,2022-08-08 03:54:48,98,9.5334,31.6605,71.53,3.69
392,Dharampuri,100,IN,2022-08-08 03:54:49,90,22.1667,75.35,78.57,9.57
393,Elko,10,US,2022-08-08 03:50:42,37,41.0002,-115.5012,77.02,5.01
394,Ishigaki,40,JP,2022-08-08 03:54:49,66,24.3448,124.1572,91.53,10.36
395,Jitra,20,MY,2022-08-08 03:54:50,74,6.2681,100.4217,87.69,5.99
396,Bumba,99,CD,2022-08-08 03:54:50,98,2.1833,22.4667,69.73,2.8
397,Mount Gambier,89,AU,2022-08-08 03:54:50,63,-37.8333,140.7667,54.95,4.29
398,Taksimo,69,RU,2022-08-08 03:54:51,54,56.3444,114.8794,61.05,7.7
399,Villa Maria,99,AR,2022-08-08 03:54:51,81,-32.4075,-63.2402,47.82,6.73
400,Ambovombe,9,MG,2022-08-08 03:54:51,81,-25.1667,46.0833,65.91,10.92
401,Maragogi,73,BR,2022-08-08 03:54:51,63,-9.0122,-35.2225,75.18,8.7
402,Cayenne,0,GF,2022-08-08 03:54:52,1,4.9333,-52.3333,81.09,0.0
403,Illapel,0,CL,2022-08-08 03:54:52,58,-31.6308,-71.1653,45.61,5.03
404,Mpika,0,ZM,2022-08-08 03:54:52,83,-11.8343,31.4529,49.51,3.4
405,Fukue,75,JP,2022-08-08 03:54:53,79,32.6881,128.8419,88.16,10.36
406,Virginia Beach,0,US,2022-08-08 03:54:53,84,36.8529,-75.978,82.42,4.61
407,Kambove,3,CD,2022-08-08 03:54:53,57,-10.8764,26.5969,53.31,3.91
408,Poitiers,0,FR,2022-08-08 03:54:54,51,46.5833,0.3333,64.78,11.5
409,Sibolga,74,ID,2022-08-08 03:54:54,62,1.7427,98.7792,85.01,4.23
410,Guimar,18,ES,2022-08-08 03:55:54,83,28.3039,-16.4325,72.5,12.68
411,Vila Franca Do Campo,77,PT,2022-08-08 03:55:55,87,37.7167,-25.4333,70.21,4.81
412,Murgab,0,TM,2022-08-08 03:55:55,41,37.4966,61.9714,78.67,4.61
413,Neuquen,100,AR,2022-08-08 03:55:56,93,-38.9516,-68.0591,39.09,3.44
414,Fairlie,100,GB,2022-08-08 03:55:56,90,55.756,-4.8556,57.4,6.15
415,Buraydah,17,SA,2022-08-08 03:55:56,20,26.326,43.975,93.65,9.46
416,Boddam,100,GB,2022-08-08 03:55:57,86,57.4667,-1.7833,57.58,6.11
417,Yola,100,NG,2022-08-08 03:55:57,95,9.2,12.4833,73.49,5.91
418,Belmonte,11,BR,2022-08-08 03:52:22,77,-15.8631,-38.8828,71.31,7.72
419,Airai,41,TL,2022-08-08 03:52:35,45,-8.9266,125.4092,75.22,5.7
420,Penarroya-Pueblonuevo,0,ES,2022-08-08 03:55:58,50,38.3,-5.2667,68.45,2.37
421,Worland,0,US,2022-08-08 03:52:40,68,44.0169,-107.9554,70.68,3.44
422,Hobyo,15,SO,2022-08-08 03:55:58,79,5.3505,48.5268,76.19,23.82
423,Amantea,0,IT,2022-08-08 03:55:58,62,39.1332,16.0746,79.16,4.16
424,Uzyn,43,UA,2022-08-08 03:55:59,94,49.8262,30.4149,60.84,8.39
425,Caravelas,5,BR,2022-08-08 03:55:59,76,-17.7125,-39.2481,72.93,9.98
426,Ryotsu,97,JP,2022-08-08 03:55:59,69,38.0833,138.4333,86.52,10.98
427,Tikrit,0,IQ,2022-08-08 03:56:00,22,34.6071,43.6782,91.9,13.4
428,Kakching,72,IN,2022-08-08 03:56:00,88,24.4833,93.9833,75.4,3.74
429,Toyooka,75,JP,2022-08-08 03:56:00,66,35.5333,134.8333,91.45,4.61
430,Bhakkar,94,PK,2022-08-08 03:56:01,45,31.6253,71.0657,97.12,8.95
431,Cap Malheureux,2,MU,2022-08-08 03:56:01,75,-19.9842,57.6142,69.48,3.0
432,Batticaloa,100,LK,2022-08-08 03:56:01,55,7.7102,81.6924,85.12,10.45
433,Selfoss,68,IS,2022-08-08 03:56:02,87,63.9331,-20.9971,48.04,15.32
434,Seddon,20,AU,2022-08-08 03:56:02,57,-37.8068,144.8916,61.66,3.44
435,Tandil,99,AR,2022-08-08 03:56:03,93,-37.3217,-59.1332,39.69,6.22
436,Brownwood,93,US,2022-08-08 03:53:48,49,31.7093,-98.9912,88.92,15.37
437,Port Blair,75,IN,2022-08-08 03:53:32,79,11.6667,92.75,84.24,14.97
438,Zeya,100,RU,2022-08-08 03:56:03,98,53.75,127.2667,57.0,3.24
439,Kiama,53,AU,2022-08-08 03:56:04,58,-34.6833,150.8667,61.25,15.55
440,Catumbela,79,AO,2022-08-08 03:56:04,84,-12.4314,13.5472,66.61,1.25
441,Rehoboth,7,NA,2022-08-08 03:55:40,56,-23.3167,17.0833,48.74,1.5
442,Rabat,75,MA,2022-08-08 03:55:59,73,33.9911,-6.8401,70.16,0.0
443,San Juan,99,AR,2022-08-08 03:55:45,83,-31.5375,-68.5364,40.14,7.9
444,College,100,US,2022-08-08 03:56:05,73,64.8569,-147.8028,57.07,5.75
445,Ahipara,3,NZ,2022-08-08 03:56:05,79,-35.1667,173.1667,59.68,6.22
446,Vammala,60,FI,2022-08-08 03:56:06,71,61.3333,22.9,45.3,3.38
447,Ust-Kulom,34,RU,2022-08-08 03:56:06,59,61.6864,53.6902,73.74,7.14
448,Arai,94,JP,2022-08-08 03:56:06,63,37.0167,138.25,99.63,4.85
449,Barra Do Garcas,33,BR,2022-08-08 03:56:07,33,-15.89,-52.2567,75.02,0.89
450,Maniago,93,IT,2022-08-08 03:56:07,83,46.1706,12.7078,66.96,7.02
451,Dwarka,94,IN,2022-08-08 03:56:07,83,22.2394,68.9678,83.23,11.14
452,Maldonado,65,UY,2022-08-08 03:57:12,92,-34.6667,-54.9167,48.22,3.65
453,Kuznechnoye,22,RU,2022-08-08 03:57:12,76,61.12,29.8686,55.81,3.36
454,Bilma,4,NE,2022-08-08 03:57:13,37,18.6853,12.9164,89.47,7.34
455,Zvishavane,0,ZW,2022-08-08 03:57:13,36,-20.3267,30.0665,54.73,3.53
456,Trincomalee,97,LK,2022-08-08 03:57:13,67,8.5711,81.2335,83.97,23.42
457,Mantua,100,IT,2022-08-08 03:57:14,85,45.1667,10.7833,74.44,1.99
458,Whitianga,84,NZ,2022-08-08 03:57:14,78,-36.8333,175.7,58.35,4.74
459,Touros,19,BR,2022-08-08 03:57:14,86,-5.1989,-35.4608,72.25,12.75
460,Zhob,89,PK,2022-08-08 03:57:15,61,31.3411,69.4481,81.03,0.96
461,Rivadavia,52,AR,2022-08-08 03:57:15,82,-33.1905,-68.4608,39.69,7.78
462,Ucluelet,0,CA,2022-08-08 03:57:16,79,48.9329,-125.5528,63.05,4.81
463,Aksehir,27,TR,2022-08-08 03:57:16,69,38.3575,31.4164,69.58,3.51
464,Jambi,9,ID,2022-08-08 03:57:16,57,-1.6,103.6167,87.33,5.55
465,Saint-Pierre,75,RE,2022-08-08 03:57:17,67,-21.3393,55.4781,70.92,6.91
466,Monte Patria,1,CL,2022-08-08 03:57:17,53,-30.6919,-70.9467,47.91,5.59
467,Caala,0,AO,2022-08-08 03:57:17,39,-12.8525,15.5606,51.89,3.0
468,Flinders,43,AU,2022-08-08 03:57:17,67,-34.5833,150.8552,61.05,14.88
469,Andrushivka,41,UA,2022-08-08 03:57:18,92,50.0229,29.0202,59.07,7.52
470,Brownsville,100,US,2022-08-08 03:54:40,80,25.9018,-97.4975,84.9,1.99
471,Stornoway,100,GB,2022-08-08 03:57:18,94,58.2093,-6.3865,57.92,16.11
472,Corrales,69,US,2022-08-08 03:57:19,56,35.2378,-106.6067,77.63,14.0
473,Santa Isabel Do Rio Negro,32,BR,2022-08-08 03:57:19,83,-0.4139,-65.0192,74.91,1.12
474,Gusau,88,NG,2022-08-08 03:57:19,85,12.1628,6.6614,74.28,8.63
475,Nakapiripirit,96,UG,2022-08-08 03:57:20,81,1.9167,34.7833,65.5,2.8
476,Yaan,100,NG,2022-08-08 03:57:20,98,7.3833,8.5667,71.26,5.99
477,Mananjary,10,MG,2022-08-08 03:57:20,90,-21.2167,48.3333,62.38,4.0
478,Yinchuan,27,CN,2022-08-08 03:57:21,41,38.4681,106.2731,88.92,12.57
479,Bud,11,US,2022-08-08 03:54:16,87,39.447,-86.1758,79.02,5.79
480,Pavlohrad,5,UA,2022-08-08 03:57:21,46,48.5167,35.8667,71.26,4.9
481,Palaia Fokaia,0,GR,2022-08-08 03:57:21,65,37.72,23.9463,82.72,26.37
482,Bhim Tal,99,IN,2022-08-08 03:57:22,61,29.35,79.5667,75.65,2.1
483,Shimoda,21,JP,2022-08-08 03:57:22,73,34.6667,138.95,88.11,12.66
484,Dunedin,87,NZ,2022-08-08 03:57:23,53,-45.8742,170.5036,43.81,5.99
485,Churapcha,90,RU,2022-08-08 03:57:23,58,62.0025,132.4325,64.83,8.01
486,Urumqi,0,CN,2022-08-08 03:56:58,32,43.801,87.6005,83.35,4.47
487,Kenai,100,US,2022-08-08 03:57:23,81,60.5544,-151.2583,57.02,24.85
488,Vilyuysk,100,RU,2022-08-08 03:57:24,93,63.7553,121.6247,57.11,3.96
489,Acajutla,100,SV,2022-08-08 03:57:24,93,13.5928,-89.8275,76.14,5.75
490,Kununurra,40,AU,2022-08-08 03:57:24,40,-15.7667,128.7333,91.38,10.36
491,Newport,5,GB,2022-08-08 03:57:25,79,51.5877,-2.9984,60.46,8.43
492,Fuling,99,CN,2022-08-08 03:57:25,51,29.7022,107.3919,95.4,2.01
493,Kalat,32,PK,2022-08-08 03:57:25,37,29.0225,66.5916,77.23,3.29
494,Santa Rosa,100,PH,2022-08-08 03:57:26,73,14.3122,121.1114,83.08,3.15
495,Wewak,93,PG,2022-08-08 03:57:26,76,-3.5534,143.6268,82.9,10.76
496,Windsor,75,CA,2022-08-08 03:54:20,84,42.3001,-83.0165,80.11,4.61
497,Mathbaria,99,BD,2022-08-08 03:58:26,71,22.2876,89.9593,87.51,14.34
498,Kaka,0,TM,2022-08-08 03:58:27,24,37.3482,59.6143,88.38,2.13
499,Abeche,100,TD,2022-08-08 03:58:27,86,13.8292,20.8324,72.64,11.56
500,Quelimane,0,MZ,2022-08-08 03:58:27,93,-17.8786,36.8883,58.95,2.3
501,Kashi,40,CN,2022-08-08 03:58:28,39,39.4547,75.9797,81.61,6.71
502,Ulladulla,12,AU,2022-08-08 03:57:11,56,-35.35,150.4667,57.4,10.04
503,Ca Mau,96,VN,2022-08-08 03:58:28,68,9.1769,105.15,84.38,8.19
504,Margate,10,GB,2022-08-08 03:58:28,86,51.3813,1.3862,58.3,3.33
505,Anamur,31,TR,2022-08-08 03:58:29,75,36.0751,32.8369,80.19,5.91
506,Kishtwar,67,IN,2022-08-08 03:58:29,82,33.3167,75.7667,74.52,4.9
507,Olga,100,RU,2022-08-08 03:58:29,77,43.7444,135.2892,81.41,8.41
508,Mehamn,75,NO,2022-08-08 03:58:30,87,71.0357,27.8492,49.95,17.27
509,Alugan,64,PH,2022-08-08 03:58:30,72,12.2188,125.4808,83.37,4.43
510,Portland,0,US,2022-08-08 03:58:30,38,45.5234,-122.6762,90.1,4.0
511,Luganville,23,VU,2022-08-08 03:58:31,75,-15.5333,167.1667,82.06,4.79
512,Sinnamary,97,GF,2022-08-08 03:58:31,77,5.3833,-52.95,79.48,9.28
513,Kiruna,40,SE,2022-08-08 03:58:31,71,67.8557,20.2251,47.32,6.91
514,Pisco,6,PE,2022-08-08 03:58:32,82,-13.7,-76.2167,58.01,5.75
515,Jizan,37,SA,2022-08-08 03:58:32,75,17.3333,42.6667,85.14,2.21
516,Monrovia,100,LR,2022-08-08 03:55:57,80,6.3005,-10.7969,75.52,8.43
517,Escanaba,75,US,2022-08-08 03:58:32,76,45.7453,-87.0646,64.71,8.05
518,Arman,95,RU,2022-08-08 03:58:33,59,59.7,150.1667,68.02,6.71
519,Vanimo,85,PG,2022-08-08 03:58:33,80,-2.6741,141.3028,82.0,7.67
520,Abu Zabad,88,SD,2022-08-08 03:58:33,77,12.35,29.25,76.06,8.12
521,Myaundzha,13,RU,2022-08-08 03:58:34,31,63.0494,147.1858,72.43,11.39
522,Marawi,94,PH,2022-08-08 03:58:34,66,7.9986,124.2928,79.74,6.62
523,Christchurch,100,NZ,2022-08-08 03:54:56,60,-43.5333,172.6333,44.91,9.22
524,Kopayhorod,32,UA,2022-08-08 03:58:34,93,48.8592,27.7969,58.98,7.61
525,Usinsk,2,RU,2022-08-08 03:58:35,55,65.9939,57.5281,73.36,13.98
526,Qaqortoq,28,GL,2022-08-08 03:58:35,80,60.7167,-46.0333,44.4,2.3
527,Maceio,40,BR,2022-08-08 03:58:35,88,-9.6658,-35.7353,71.04,2.3
528,Harper,47,LR,2022-08-08 03:58:36,81,4.375,-7.7169,72.64,9.01
529,Joao Pinheiro,5,BR,2022-08-08 03:58:36,38,-17.7425,-46.1725,69.73,2.8
530,Gari,45,RU,2022-08-08 03:58:36,59,59.4307,62.3497,75.29,2.98
531,Yerofey Pavlovich,100,RU,2022-08-08 03:58:37,79,53.9667,121.9667,54.63,11.7
532,Agirish,53,RU,2022-08-08 03:58:37,45,61.9247,63.0231,79.39,4.07
533,Madinat Sittah Uktubar,0,EG,2022-08-08 03:58:37,58,29.8167,31.05,78.4,4.43
